{
  "name": "Hello Kitty - Akakura x Sanrio",
  "author": "Tsunau",
  "version": "1.0.0",
  "description": "Hello Kitty - Akakura x Sanrio Theme for Cocoon. Art belongs to 赤倉＠画集発売中. Part of the Akakura x Sanrio Collaboration.",
  "credits": "Tsunau",

  "theme_mode": "system",

  "wallpaper_main": "main.png",
  "wallpaper_external": "external.png",

  "color_scheme": {
    "background_gradient_start": "#e3c27a",
    "background_gradient_end": "#b89f89",

    "card_gradient_start": "#de485b",
    "card_gradient_end": "#8a2e3b",

    "text_primary": "#F8FCFB",
    "text_secondary": "#f0d994",

    "icon_tint": "#f0d994",

    "tile_background": "#F8FCFB",
    "tile_border": "#b19e8e",
    
    "toggle_off_gradient_start": "#857b7b",
    "toggle_off_gradient_end": "#756e72",
    "toggle_thumb_gradient_start": "#F8FCFB",
    "toggle_thumb_gradient_end": "#F8FCFB",

    "drop_shadow": "#99000000",
    "inner_shadow_light": "#33FFFFFF",
    "inner_shadow_dark": "#AA000000",

    "success": "#090909",
    "warning": "#090909",
    "divider": "#7baa8d",

    "accent_gradient_start": "##ceead2",
    "accent_gradient_end": "#7baa8d",
    "accent_glow": "#ceead2"
  }
}