{
  "name": "Kuromi - Akakura x Sanrio",
  "author": "Tsunau",
  "version": "1.0.0",
  "description": "Kuromi - Akakura x Sanrio Theme for Cocoon. Art belongs to 赤倉＠画集発売中. Part of the Akakura x Sanrio Collaboration.",
  "credits": "Tsunau",

  "theme_mode": "system",

  "wallpaper_main": "main.png",
  "wallpaper_external": "external.png",

  "color_scheme": {
    "background_gradient_start": "#3a3139",
    "background_gradient_end": "#2e1d28",

    "card_gradient_start": "#eca6e0",
    "card_gradient_end": "#ddb7e6",

    "text_primary": "#F8FCFB",
    "text_secondary": "#c5f1e6",

    "icon_tint": "#c5f1e6",

    "tile_background": "#F8FCFB",
    "tile_border": "#b19e8e",
    
    "toggle_off_gradient_start": "#857b7b",
    "toggle_off_gradient_end": "#756e72",
    "toggle_thumb_gradient_start": "#F8FCFB",
    "toggle_thumb_gradient_end": "#F8FCFB",

    "drop_shadow": "#99000000",
    "inner_shadow_light": "#33FFFFFF",
    "inner_shadow_dark": "#AA000000",

    "success": "#090909",
    "warning": "#090909",
    "divider": "#ddb7e6",

    "accent_gradient_start": "#c9c5d1",
    "accent_gradient_end": "#9f91a5",
    "accent_glow": "#c5f1e6"
  }
}